"","agroid","longitude","latitude","Region","District","District.HQ","HQ_longitude","HQ_latitude","time2distrHQ_min","cluster.id","clstr.size","competition","Euc_dist","agro2road","Hq2road","Ntwk_dist","Total_ntwk"
"1",1,37.150974,-3.3319273,"Kilimanjaro","Hai","Boma Ng'ombe",37.142788,-3.34101,1.444065151,1,9,"6-10 competitors",1355.107553,13.70821145,516.1402807,1267.672199,1797.52069115
"2",2,37.268871,-3.3275218,"Kilimanjaro","Hai","Boma Ng'ombe",37.142788,-3.34101,16.91583808,2,1,"No competition",14091.05267,4.358894795,516.1402807,17072.65522,17593.154395495
"3",3,37.199959,-3.308017,"Kilimanjaro","Hai","Boma Ng'ombe",37.142788,-3.34101,8.884657716,3,5,"3-5 competitors",7326.55614,33.92627549,516.1402807,7406.896966,7956.96352219
"4",4,37.200687,-3.3083253,"Kilimanjaro","Hai","Boma Ng'ombe",37.142788,-3.34101,8.884657716,3,5,"3-5 competitors",7380.071057,35.60259309,516.1402807,7460.816366,8012.55923979
"5",5,37.150784,-3.3319263,"Kilimanjaro","Hai","Boma Ng'ombe",37.142788,-3.34101,1.444065151,1,9,"6-10 competitors",1341.106453,22.22550306,516.1402807,1253.207189,1791.57297276
"6",6,37.147217,-3.3346536,"Kilimanjaro","Hai","Boma Ng'ombe",37.142788,-3.34101,1.444065151,1,9,"6-10 competitors",858.0803283,96.08057726,516.1402807,768.5930033,1380.81386126
"7",7,34.850414,-8.5674868,"Iringa","Mufindi","Mafinga",35.294015,-8.299623,82.30633423,4,1,"No competition",57132.02193,5.230854557,189.9276529,71581.93311,71777.091617457
"8",8,35.285995,-8.7383986,"Iringa","Mufindi","Mafinga",35.294015,-8.299623,74.34319872,5,3,"1-2 competitors",48536.02234,194.7600804,189.9276529,136946.6124,137331.3001333
"9",9,37.200031,-3.3081596,"Kilimanjaro","Hai","Boma Ng'ombe",37.142788,-3.34101,8.884657716,3,5,"3-5 competitors",7325.664065,16.16711276,516.1402807,7406.128767,7938.43616046
"10",10,37.151028,-3.3323355,"Kilimanjaro","Hai","Boma Ng'ombe",37.142788,-3.34101,1.444065151,1,9,"6-10 competitors",1326.137257,30.35933062,516.1402807,1259.9969,1806.49651132
"11",11,37.149834,-3.3310218,"Kilimanjaro","Hai","Boma Ng'ombe",37.142788,-3.34101,1.444065151,1,9,"6-10 competitors",1353.888083,30.80530276,516.1402807,1383.9125580915,1930.8581415515
"12",12,37.150398,-3.3318484,"Kilimanjaro","Hai","Boma Ng'ombe",37.142788,-3.34101,1.444065151,1,9,"6-10 competitors",1319.677328,12.05600367,516.1402807,1270.2025831485,1798.3988675185
"13",13,37.194088,-3.4119744,"Kilimanjaro","Hai","Boma Ng'ombe",37.142788,-3.34101,16.61516507,6,1,"No competition",9699.316821,244.5769019,516.1402807,10305.2995193235,11066.0167019235
"14",14,33.428204,-8.9578428,"Mbeya","Mbeya Rural","Mbalizi",33.356571,-8.936838,21.06565465,7,2,"1-2 competitors",8213.164579,1331.725591,30.52907962,14247.07926576,15609.33393638
"15",15,37.253883,-3.4244175,"Kilimanjaro","Hai","Boma Ng'ombe",37.142788,-3.34101,26.96488775,8,1,"No competition",15410.36237,16.46143654,516.1402807,17270.3039315565,17802.9056487965
"16",16,33.003159,-9.0136185,"Mbeya","Mbozi","Vwawa",32.942267,-9.107533,13.27920186,9,34,"> 10 competitors",12357.49586,13.86915809,263.8203226,27098.34062,27376.03010069
"17",17,37.149445,-3.3328063,"Kilimanjaro","Hai","Boma Ng'ombe",37.142788,-3.34101,1.444065151,1,9,"6-10 competitors",1170.569103,6.633891543,516.1402807,1077.393702,1600.167874243
"18",18,33.002178,-9.0115881,"Mbeya","Mbozi","Vwawa",32.942267,-9.107533,13.27920186,9,34,"> 10 competitors",12489.64287,34.23858099,263.8203226,26852.08222,27150.14112359
"19",19,37.254089,-3.3243933,"Kilimanjaro","Hai","Boma Ng'ombe",37.142788,-3.34101,15.89339549,10,2,"1-2 competitors",12504.88814,57.60693142,516.1402807,15445.1060699715,16018.8532820915
"20",20,37.146915,-3.33409,"Kilimanjaro","Hai","Boma Ng'ombe",37.142788,-3.34101,1.444065151,1,9,"6-10 competitors",892.1228216,25.19454076,516.1402807,762.3479475,1303.68276896
"21",21,37.146706,-3.3347583,"Kilimanjaro","Hai","Boma Ng'ombe",37.142788,-3.34101,1.444065151,1,9,"6-10 competitors",816.9961724,84.43608182,516.1402807,711.7071881,1312.28355062
"22",22,37.200191,-3.3079252,"Kilimanjaro","Hai","Boma Ng'ombe",37.142788,-3.34101,8.884657716,3,5,"3-5 competitors",7353.971316,30.21726601,516.1402807,7434.422437,7980.77998371
"23",23,32.738865,-8.8694201,"Mbeya","Mbozi","Vwawa",32.942267,-9.107533,63.12809636,11,3,"1-2 competitors",34551.68317,15.49036339,263.8203226,44418.512080875,44697.822766865
"24",24,37.254543,-3.3243089,"Kilimanjaro","Hai","Boma Ng'ombe",37.142788,-3.34101,15.89339549,10,2,"1-2 competitors",12556.16664,6.457817278,516.1402807,15449.3676030705,15971.9657010485
"25",25,37.199905,-3.3082035,"Kilimanjaro","Hai","Boma Ng'ombe",37.142788,-3.34101,8.884657716,3,5,"3-5 competitors",7311.097302,18.75972919,516.1402807,7391.503759,7926.40376889
"26",26,37.233204,-3.1983221,"Kilimanjaro","Hai","Boma Ng'ombe",37.142788,-3.34101,30.56718954,12,1,"No competition",18706.34577,27.18741499,516.1402807,28074.4554074085,28617.7831030985
"27",27,37.190186,-3.2430263,"Kilimanjaro","Hai","Boma Ng'ombe",37.142788,-3.34101,18.70592145,13,2,"1-2 competitors",12047.49047,98.1011642,516.1402807,16482.448519269,17096.689964169
"28",28,37.190773,-3.2434287,"Kilimanjaro","Hai","Boma Ng'ombe",37.142788,-3.34101,18.70592145,13,2,"1-2 competitors",12036.25045,39.96939746,516.1402807,16416.2288901795,16972.3385683395
"29",29,37.217239,-3.4185224,"Kilimanjaro","Hai","Boma Ng'ombe",37.142788,-3.34101,20.90374774,14,1,"No competition",11912.86428,5.4227464,516.1402807,13087.993692441,13609.556719541
"30",30,32.737957,-8.8694706,"Mbeya","Mbozi","Vwawa",32.942267,-9.107533,63.12809636,11,3,"1-2 competitors",34612.14944,28.36489692,263.8203226,44509.3406665515,44801.5258860715
"31",31,37.09948,-3.2279801,"Kilimanjaro","Siha","Sanya Juu",37.068909,-3.186015,9.791645883,15,6,"3-5 competitors",5751.415831,70.55664771,45.95043905,6774.928181,6891.43526776
"32",32,37.051773,-3.0405295,"Kilimanjaro","Siha","Sanya Juu",37.068909,-3.186015,34.22805428,16,5,"3-5 competitors",16199.80182,36.01072319,45.95043905,20768.2825537995,20850.2437160395
"33",33,37.06786,-3.1862583,"Kilimanjaro","Siha","Sanya Juu",37.068909,-3.186015,0,17,8,"6-10 competitors",119.6585125,29.72946889,45.95043905,118.7399465505,194.4198544905
"34",34,37.068832,-3.185735,"Kilimanjaro","Siha","Sanya Juu",37.068909,-3.186015,0,17,8,"6-10 competitors",32.12284784,77.65477654,45.95043905,5.7663501,129.37156569
"35",35,32.737934,-8.8694086,"Mbeya","Mbozi","Vwawa",32.942267,-9.107533,63.12809636,11,3,"1-2 competitors",34619.00879,23.03816334,263.8203226,44514.3551647485,44801.2136506885
"36",36,37.069141,-3.1873119,"Kilimanjaro","Siha","Sanya Juu",37.068909,-3.186015,0,17,8,"6-10 competitors",145.7081369,2.399710287,45.95043905,151.834009386,200.184158723
"37",37,37.093472,-3.2025037,"Kilimanjaro","Siha","Sanya Juu",37.068909,-3.186015,5.319071926,18,1,"No competition",3282.974294,96.65587283,45.95043905,3501.389353,3643.99566488
"38",38,33.040565,-8.9998541,"Mbeya","Mbozi","Vwawa",32.942267,-9.107533,17.75060126,19,2,"1-2 competitors",16081.91375,58.49385148,263.8203226,16937.0304917595,17259.3446658395
"39",39,37.050705,-3.0409594,"Kilimanjaro","Siha","Sanya Juu",37.068909,-3.186015,33.55886109,16,5,"3-5 competitors",16167.02437,33.16993537,45.95043905,20660.176068528,20739.296442948
"40",40,36.988655,-3.1878345,"Kilimanjaro","Siha","Sanya Juu",37.068909,-3.186015,16.27184258,20,3,"1-2 competitors",8922.379045,213.5523459,45.95043905,12378.451882362,12637.954667312
"41",41,37.069431,-3.1869383,"Kilimanjaro","Siha","Sanya Juu",37.068909,-3.186015,0,17,8,"6-10 competitors",117.4305769,22.60242226,45.95043905,103.4622357315,172.0150970415
"42",42,37.068855,-3.1861351,"Kilimanjaro","Siha","Sanya Juu",37.068909,-3.186015,0,17,8,"6-10 competitors",14.57370365,33.04736206,45.95043905,7.22463555,86.22243666
"43",43,37.050724,-3.0422754,"Kilimanjaro","Siha","Sanya Juu",37.068909,-3.186015,31.9714261,16,5,"3-5 competitors",16022.39243,33.2188712,45.95043905,20526.284090874,20605.453401124
"44",44,37.051651,-3.0396914,"Kilimanjaro","Siha","Sanya Juu",37.068909,-3.186015,34.22805428,16,5,"3-5 competitors",16293.42869,30.41275208,45.95043905,20840.799749643,20917.162940773
"45",45,37.068481,-3.185895,"Kilimanjaro","Siha","Sanya Juu",37.068909,-3.186015,0,17,8,"6-10 competitors",49.38756554,63.35875697,45.95043905,45.343104018,154.652300038
"46",46,37.068691,-3.1853659,"Kilimanjaro","Siha","Sanya Juu",37.068909,-3.186015,0,17,8,"6-10 competitors",75.75555875,118.9773133,45.95043905,19.2229852185,184.1507375685
"47",47,37.099625,-3.2292619,"Kilimanjaro","Siha","Sanya Juu",37.068909,-3.186015,9.791645883,15,6,"3-5 competitors",5875.720364,26.93041432,45.95043905,6881.388829,6954.26968237
"48",48,37.069283,-3.186913,"Kilimanjaro","Siha","Sanya Juu",37.068909,-3.186015,0,17,8,"6-10 competitors",107.6488522,5.989658386,45.95043905,105.121675518,157.061772954
"49",49,33.039913,-9.0004196,"Mbeya","Mbozi","Vwawa",32.942267,-9.107533,17.75060126,19,2,"1-2 competitors",15987.42379,2.69670059,263.8203226,16946.894401335,17213.411424525
"50",50,37.026802,-3.2235329,"Kilimanjaro","Siha","Sanya Juu",37.068909,-3.186015,9.790884407,21,2,"1-2 competitors",6254.127041,155.4763203,45.95043905,7460.4442034475,7661.8709627975
"51",51,37.026615,-3.2243953,"Kilimanjaro","Siha","Sanya Juu",37.068909,-3.186015,9.790884407,21,2,"1-2 competitors",6333.198639,215.3860652,45.95043905,7512.477498096,7773.814002346
"52",52,36.988419,-3.1885729,"Kilimanjaro","Siha","Sanya Juu",37.068909,-3.186015,16.27184258,20,3,"1-2 competitors",8950.808276,127.9011567,45.95043905,12378.451882362,12552.303478112
"53",53,36.988007,-3.1886213,"Kilimanjaro","Siha","Sanya Juu",37.068909,-3.186015,16.91800337,20,3,"1-2 competitors",8996.748324,113.6137664,45.95043905,12378.451882362,12538.016087812
"54",54,37.078674,-3.188823,"Kilimanjaro","Siha","Sanya Juu",37.068909,-3.186015,1.54484619,22,2,"1-2 competitors",1128.905457,28.69648429,45.95043905,1176.589839,1251.23676234
"55",55,37.09967,-3.2294154,"Kilimanjaro","Siha","Sanya Juu",37.068909,-3.186015,11.33947369,15,6,"3-5 competitors",5892.443717,36.6938511,45.95043905,6896.220759,6978.86504915
"56",56,37.100025,-3.2272737,"Kilimanjaro","Siha","Sanya Juu",37.068909,-3.186015,9.791645883,15,6,"3-5 competitors",5724.968742,168.8921735,45.95043905,6767.267025,6982.10963755
"57",57,37.100128,-3.2270463,"Kilimanjaro","Siha","Sanya Juu",37.068909,-3.186015,9.791645883,15,6,"3-5 competitors",5711.897803,195.3525351,45.95043905,6765.577701,7006.88067515
"58",58,37.074654,-3.1860187,"Kilimanjaro","Siha","Sanya Juu",37.068909,-3.186015,1.54484619,22,2,"1-2 competitors",638.5487225,17.05847499,45.95043905,634.7776049,697.78651894
"59",59,37.0994,-3.2283745,"Kilimanjaro","Siha","Sanya Juu",37.068909,-3.186015,9.791645883,15,6,"3-5 competitors",5781.443504,31.9366444,45.95043905,6797.661692,6875.54877545
"60",60,37.051777,-3.0410562,"Kilimanjaro","Siha","Sanya Juu",37.068909,-3.186015,34.22805428,16,5,"3-5 competitors",16141.91364,73.65979999,45.95043905,20715.3657162795,20834.9759553195
"61",61,35.51326,-4.4202867,"Manyara","Hanang","Katesh",35.389519,-4.516734,31.35799408,23,3,"1-2 competitors",17388.15396,57.27321536,477.8188347,18633.6574477905,19168.7494978505
"62",62,35.533875,-4.4072771,"Manyara","Hanang","Katesh",35.389519,-4.516734,33.31605472,24,1,"No competition",20079.43802,29.6490187,477.8188347,21385.5910374315,21893.0588908315
"63",63,35.514252,-4.4189496,"Manyara","Hanang","Katesh",35.389519,-4.516734,31.35799408,23,3,"1-2 competitors",17565.87678,22.7309435,477.8188347,18821.055254439,19321.605032639
"64",64,35.448036,-4.4079185,"Manyara","Hanang","Katesh",35.389519,-4.516734,39.91592163,25,1,"No competition",13673.67637,499.1988023,477.8188347,24314.1049613085,25291.1225983085
"65",65,35.499905,-4.4416294,"Manyara","Hanang","Katesh",35.389519,-4.516734,27.387063,26,1,"No competition",14800.61896,31.23827811,477.8188347,15827.920138173,16336.977250983
"66",66,35.473869,-4.4724503,"Manyara","Hanang","Katesh",35.389519,-4.516734,23.34709271,27,2,"1-2 competitors",10564.58696,141.4986289,477.8188347,11222.785821444,11842.103285044
"67",67,35.551064,-4.2916646,"Manyara","Hanang","Katesh",35.389519,-4.516734,48.87782459,28,1,"No competition",30674.54687,15.2267378,477.8188347,35472.5136027075,35965.5591752075
"68",68,33.104259,-8.9687881,"Mbeya","Mbozi","Vwawa",32.942267,-9.107533,26.79311318,29,1,"No competition",23509.43494,48.15375303,263.8203226,25573.1051292135,25885.0792048435
"69",69,35.384789,-4.5255947,"Manyara","Hanang","Katesh",35.389519,-4.516734,11.32285421,30,7,"6-10 competitors",1111.573012,350.1580452,477.8188347,714.9474717,1542.9243516
"70",70,35.32877,-4.5178599,"Manyara","Hanang","Katesh",35.389519,-4.516734,22.51064914,31,1,"No competition",6742.830109,26.95055487,477.8188347,7053.286433,7558.05582257
"71",71,35.384659,-4.524004,"Manyara","Hanang","Katesh",35.389519,-4.516734,11.32285421,30,7,"6-10 competitors",968.0828391,173.7420273,477.8188347,705.7263035,1357.2871655
"72",72,35.38092,-4.5207977,"Manyara","Hanang","Katesh",35.389519,-4.516734,12.38726617,30,7,"6-10 competitors",1054.79086,176.2289328,477.8188347,1145.396974,1799.4447415
"73",73,35.382862,-4.522902,"Manyara","Hanang","Katesh",35.389519,-4.516734,12.38726617,30,7,"6-10 competitors",1005.47769,26.36054269,477.8188347,887.9390984,1392.11847579
"74",74,35.382324,-4.5231051,"Manyara","Hanang","Katesh",35.389519,-4.516734,12.38726617,30,7,"6-10 competitors",1064.850705,44.96049168,477.8188347,940.9031699,1463.68249628
"75",75,35.384869,-4.5248647,"Manyara","Hanang","Katesh",35.389519,-4.516734,11.32285421,30,7,"6-10 competitors",1036.666814,271.3050852,477.8188347,691.1139705,1440.2378904
"76",76,35.383804,-4.5222831,"Manyara","Hanang","Katesh",35.389519,-4.516734,11.32285421,30,7,"6-10 competitors",882.484728,27.64675085,477.8188347,774.565258,1280.03084355
"77",77,35.473209,-4.6061502,"Manyara","Hanang","Katesh",35.389519,-4.516734,30.73664083,32,2,"1-2 competitors",13565.26616,17.07940491,477.8188347,20021.1285563385,20516.0267959485
"78",78,33.138882,-9.063364,"Mbeya","Mbozi","Vwawa",32.942267,-9.107533,39.08813135,33,4,"3-5 competitors",22159.4771,7.507725947,263.8203226,32766.6055056195,33037.9335541665
"79",79,35.28302,-4.4450517,"Manyara","Hanang","Katesh",35.389519,-4.516734,33.10566417,34,1,"No competition",14231.3489,15.263741,477.8188347,19244.136368778,19737.218944478
"80",80,35.473148,-4.6059384,"Manyara","Hanang","Katesh",35.389519,-4.516734,30.73664083,32,2,"1-2 competitors",13543.56565,23.39062728,477.8188347,19995.623811735,20496.833273715
"81",81,35.072784,-4.3730135,"Manyara","Hanang","Katesh",35.389519,-4.516734,84.30923147,35,1,"No competition",38579.05041,569.3980457,477.8188347,76891.27701,77938.4938904
"82",82,33.138538,-9.0639162,"Mbeya","Mbozi","Vwawa",32.942267,-9.107533,39.08813135,33,4,"3-5 competitors",22109.16997,3.230728038,263.8203226,32695.644556386,32962.695607024
"83",83,33.137901,-9.0653429,"Mbeya","Mbozi","Vwawa",32.942267,-9.107533,39.78359964,33,4,"3-5 competitors",22006.79605,4.101441823,263.8203226,32522.9749875045,32790.8967519275
"84",84,35.277031,-4.6394534,"Manyara","Hanang","Katesh",35.389519,-4.516734,40.90746229,36,2,"1-2 competitors",18438.23788,31.69568581,477.8188347,22128.721391565,22638.235912075
"85",85,35.473991,-4.4736171,"Manyara","Hanang","Katesh",35.389519,-4.516734,23.34709271,27,2,"1-2 competitors",10517.46234,41.85439421,477.8188347,11137.321833792,11656.995062702
"86",86,35.512543,-4.4217319,"Manyara","Hanang","Katesh",35.389519,-4.516734,30.2996264,23,3,"1-2 competitors",17227.44646,39.84786546,477.8188347,18451.1473464285,18968.8140465885
"87",87,35.277233,-4.6383271,"Manyara","Hanang","Katesh",35.389519,-4.516734,40.90746229,36,2,"1-2 competitors",18331.5283,7.319917492,477.8188347,22010.883244284,22496.021996476
"88",88,35.021675,-4.1893649,"Manyara","Mbulu","Mbulu",35.545432,-3.856697,117.9913438,37,6,"3-5 competitors",68818.6207,67.02672711,111.7396284,78922.021830057,79100.788185567
"89",89,35.020603,-4.1889348,"Manyara","Mbulu","Mbulu",35.545432,-3.856697,117.9913438,37,6,"3-5 competitors",68893.89672,96.89905745,111.7396284,78844.8517017525,79053.4903876025
"90",90,35.021355,-4.1899276,"Manyara","Mbulu","Mbulu",35.545432,-3.856697,117.9913438,37,6,"3-5 competitors",68881.9049,138.9920602,111.7396284,78925.130315775,79175.862004375
"91",91,35.021931,-4.188714,"Manyara","Mbulu","Mbulu",35.545432,-3.856697,117.9913438,37,6,"3-5 competitors",68756.15548,9.569011429,111.7396284,78907.7699284305,79029.0785682595
"92",92,35.364357,-4.0711994,"Manyara","Mbulu","Mbulu",35.545432,-3.856697,61.2865289,38,3,"1-2 competitors",31096.64482,2.69278988,111.7396284,38137.820027241,38252.252445521
"93",93,35.366032,-4.0731072,"Manyara","Mbulu","Mbulu",35.545432,-3.856697,61.2865289,38,3,"1-2 competitors",31138.49951,26.24725799,111.7396284,38418.9159023175,38556.9027887075
"94",94,35.36586,-4.0721784,"Manyara","Mbulu","Mbulu",35.545432,-3.856697,61.2865289,38,3,"1-2 competitors",31071.90028,29.00247179,111.7396284,38333.5171478925,38474.2592480825
"95",95,35.544033,-3.8553867,"Manyara","Mbulu","Mbulu",35.545432,-3.856697,0,39,11,"6-10 competitors",212.4580935,75.2238904,111.7396284,101.1247488705,288.0882676705
"96",96,34.96315,-4.2125006,"Manyara","Mbulu","Mbulu",34.708394,-4.308106,48.63408969,40,1,"No competition",30192.88,14.58509,197.4586,85951.1725259069,86163.216215907
"97",97,35.023006,-4.19032,"Manyara","Mbulu","Mbulu",35.545432,-3.856697,117.9913438,37,6,"3-5 competitors",68750.3383,13.0527695,111.7396284,78782.239047102,78907.031445002
"98",98,35.094143,-4.1535654,"Manyara","Mbulu","Mbulu",35.545432,-3.856697,102.9358439,41,2,"1-2 competitors",59909.92482,14.89392835,111.7396284,68911.435677606,69038.069234356
"99",99,35.544533,-3.8563492,"Manyara","Mbulu","Mbulu",35.545432,-3.856697,0,39,11,"6-10 competitors",107.001767,43.90058126,111.7396284,82.032452745,237.672662405
"100",100,35.543739,-3.8565817,"Manyara","Mbulu","Mbulu",35.545432,-3.856697,0,39,11,"6-10 competitors",188.471708,4.610075662,111.7396284,215.6745181215,332.0242221835
"101",101,35.545483,-3.8572323,"Manyara","Mbulu","Mbulu",35.545432,-3.856697,0,39,11,"6-10 competitors",59.46351656,170.4507998,111.7396284,13.482795201,295.673223401
"102",102,35.54324,-3.8566093,"Manyara","Mbulu","Mbulu",35.545432,-3.856697,0,39,11,"6-10 competitors",243.6565007,26.71096762,111.7396284,227.1535623225,365.6041583425
"103",103,35.543949,-3.8561502,"Manyara","Mbulu","Mbulu",35.545432,-3.856697,0,39,11,"6-10 competitors",175.4627649,2.268799095,111.7396284,136.854412188,250.862839683
"104",104,35.558273,-3.7589953,"Manyara","Mbulu","Mbulu",35.545432,-3.856697,19.69602295,42,2,"1-2 competitors",10897.51811,12.27547857,111.7396284,11830.93849884,11954.95360581
"105",105,35.545345,-3.8567221,"Manyara","Mbulu","Mbulu",35.545432,-3.856697,0,39,11,"6-10 competitors",10.05372472,111.9396841,111.7396284,10.0402396635,233.7195521635
"106",106,35.544182,-3.8573372,"Manyara","Mbulu","Mbulu",35.545432,-3.856697,0,39,11,"6-10 competitors",155.8433421,45.62968506,111.7396284,288.7553245935,446.1246380535
"107",107,35.094402,-4.1540647,"Manyara","Mbulu","Mbulu",35.545432,-3.856697,102.9358439,41,2,"1-2 competitors",59916.13819,47.58789567,111.7396284,68915.019720228,69074.347244298
"108",108,34.939163,-4.2152328,"Manyara","Mbulu","Mbulu",34.708394,-4.308106,43.9331219,43,1,"No competition",27600.38,33.82899,197.4586,88658.2303924853,88889.5179824854
"109",109,35.019638,-4.1888671,"Manyara","Mbulu","Mbulu",35.545432,-3.856697,117.9913438,37,6,"3-5 competitors",68980.58777,196.611857,111.7396284,78844.8517017525,79153.2031871525
"110",110,35.341091,-4.0010648,"Manyara","Mbulu","Mbulu",35.545432,-3.856697,48.17911985,44,1,"No competition",27746.56644,58.10775871,111.7396284,29517.0234345645,29686.8708216745
"111",111,35.546883,-3.8550115,"Manyara","Mbulu","Mbulu",35.545432,-3.856697,0,39,11,"6-10 competitors",246.396068,0.507725492,111.7396284,212.6387639,324.886117792
"112",112,35.547451,-3.8546467,"Manyara","Mbulu","Mbulu",35.545432,-3.856697,0,39,11,"6-10 competitors",318.8883609,10.84907188,111.7396284,286.7020982,409.29079848
"113",113,35.557575,-3.7598915,"Manyara","Mbulu","Mbulu",35.545432,-3.856697,19.08524541,42,2,"1-2 competitors",10789.31119,8.168131816,111.7396284,11700.9209963835,11820.8287565995
"114",114,35.543777,-3.857852,"Manyara","Mbulu","Mbulu",35.545432,-3.856697,0,39,11,"6-10 competitors",223.8340124,17.86726123,111.7396284,353.374624551,482.981514181
"115",115,34.938679,-8.421669,"Iringa","Mufindi","Mafinga",35.294015,-8.299623,78.55292246,45,1,"No competition",41400.42474,496.2834412,189.9276529,59385.73241,60071.9435041
"116",116,35.092739,-8.5534992,"Iringa","Mufindi","Mafinga",35.294015,-8.299623,46.40887803,46,1,"No competition",35772.92787,5.553308935,189.9276529,70266.31836,70461.799321835
"117",117,35.024025,-8.2436619,"Iringa","Mufindi","Mafinga",35.294015,-8.299623,57.41793127,47,1,"No competition",30381.63329,0.691361722,189.9276529,146648.5089,146839.127914622
"118",118,33.153458,-9.131567,"Mbeya","Mbozi","Vwawa",32.942267,-9.107533,50.58248053,48,2,"1-2 competitors",23366.15478,19.16410785,263.8203226,37475.949234564,37758.933665014
"119",119,33.153728,-9.1322508,"Mbeya","Mbozi","Vwawa",32.942267,-9.107533,50.58248053,48,2,"1-2 competitors",23404.33288,5.900169772,263.8203226,37395.808768041,37665.529260413
"120",120,35.154869,-8.5885887,"Iringa","Mufindi","Mafinga",35.294015,-8.299623,51.89722182,49,2,"1-2 competitors",35442.53049,4.643140881,189.9276529,61869.48896,62064.059753781
"121",121,35.155231,-8.5883799,"Iringa","Mufindi","Mafinga",35.294015,-8.299623,51.89722182,49,2,"1-2 competitors",35404.48418,22.63224187,189.9276529,61694.83334,61907.39323477
"122",122,35.053307,-8.5081682,"Iringa","Mufindi","Mafinga",35.294015,-8.299623,40.16399672,50,2,"1-2 competitors",35138.88437,12.85450492,189.9276529,39658.72817,39861.51032782
"123",123,35.295971,-8.3021755,"Iringa","Mufindi","Mafinga",35.294015,-8.299623,0,51,5,"3-5 competitors",355.1374877,72.08681656,189.9276529,2320.677519,2582.69198846
"124",124,35.295086,-8.3009186,"Iringa","Mufindi","Mafinga",35.294015,-8.299623,0,51,5,"3-5 competitors",185.6122628,96.6030486,189.9276529,2482.07007,2768.6007715
"125",125,35.296555,-8.2999458,"Iringa","Mufindi","Mafinga",35.294015,-8.299623,0,51,5,"3-5 competitors",282.0779154,58.30943736,189.9276529,83.49103611,331.72812637
"126",126,35.294312,-8.3012829,"Iringa","Mufindi","Mafinga",35.294015,-8.299623,0,51,5,"3-5 competitors",186.4733623,190.7452841,189.9276529,2490.023129,2870.696066
"127",127,33.138145,-9.065834,"Mbeya","Mbozi","Vwawa",32.942267,-9.107533,39.78359964,33,4,"3-5 competitors",22021.5563,29.04737413,263.8203226,32472.889116189,32765.756812919
"128",128,32.615788,-8.7614698,"Mbeya","Mbozi","Vwawa",32.942267,-9.107533,93.02186225,52,1,"No competition",52480.14961,15.64820564,263.8203226,65309.2730239935,65588.7415522335
"129",129,34.966702,-8.6038828,"Iringa","Mufindi","Mafinga",35.294015,-8.299623,56.49681334,53,1,"No competition",49309.97874,6.63582171,189.9276529,54265.64677,54462.21024461
"130",130,35.002476,-8.4693213,"Iringa","Mufindi","Mafinga",35.294015,-8.299623,53.92560191,54,1,"No competition",37192.2029,14.89005794,189.9276529,49891.23394,50096.05165084
"131",131,34.76857,-8.568717,"Iringa","Mufindi","Mafinga",35.294015,-8.299623,97.77070392,55,1,"No competition",65068.83055,57.80547268,189.9276529,81370.9525,81618.68562558
"132",132,35.02298,-8.7019176,"Iringa","Mufindi","Mafinga",35.294015,-8.299623,89.52659021,56,2,"1-2 competitors",53574.22221,179.2828288,189.9276529,92207.70379,92576.9142717
"133",133,35.023308,-8.7018175,"Iringa","Mufindi","Mafinga",35.294015,-8.299623,89.52659021,56,2,"1-2 competitors",53544.91874,202.7257312,189.9276529,92237.44655,92630.0999341
"134",134,34.999832,-8.6926146,"Iringa","Mufindi","Mafinga",35.294015,-8.299623,119.6241849,57,1,"No competition",54206.41441,2526.789975,189.9276529,91943.48132,94660.1989479
"135",135,35.053596,-8.5083628,"Iringa","Mufindi","Mafinga",35.294015,-8.299623,40.16399672,50,2,"1-2 competitors",35129.01411,6.601524889,189.9276529,39625.54296,39822.072137789
"136",136,35.332455,-8.3781776,"Iringa","Mufindi","Mafinga",35.294015,-8.299623,12.55117876,58,1,"No competition",9664.822324,14.40793243,189.9276529,12629.25619,12833.59177533
"137",137,35.382561,-8.380599,"Iringa","Mufindi","Mafinga",35.294015,-8.299623,19.05403675,59,1,"No competition",13241.34355,27.17685865,189.9276529,0.362470763535,217.466982313535
"138",138,35.342648,-8.5227966,"Iringa","Mufindi","Mafinga",35.294015,-8.299623,32.07391777,60,1,"No competition",25256.98079,48.10838207,189.9276529,32786.95685,33024.99288497
"139",139,35.286671,-8.738142,"Iringa","Mufindi","Mafinga",35.294015,-8.299623,74.34319872,5,3,"1-2 competitors",48506.34938,124.1484793,189.9276529,136962.1046,137276.1807322
"140",140,34.943932,-8.2236986,"Iringa","Mufindi","Mafinga",35.294015,-8.299623,73.0188164,61,1,"No competition",39472.7753,61.4411147,189.9276529,157452.4977,157703.8664676
"141",141,32.712219,-8.796608,"Mbeya","Mbozi","Vwawa",32.942267,-9.107533,74.98584824,62,3,"1-2 competitors",42692.09283,274.8195653,263.8203226,52704.990500247,53243.630388147
"142",142,35.285839,-8.7377081,"Iringa","Mufindi","Mafinga",35.294015,-8.299623,74.34319872,5,3,"1-2 competitors",48459.98178,223.946266,189.9276529,136965.8956,137379.7695189
"143",143,35.014061,-8.2362223,"Iringa","Mufindi","Mafinga",35.294015,-8.299623,59.55234608,63,1,"No competition",31629.5894,11.73601904,189.9276529,148261.7054,148463.36907194
"144",144,33.542854,-8.9015598,"Mbeya","Mbeya Urban","Mbeya ",33.457198,-8.908673,10.72451902,64,14,"> 10 competitors",9453.79308,34.07987728,226.8614344,9717.9092645115,9978.8505761915
"145",145,33.542835,-8.9009857,"Mbeya","Mbeya Urban","Mbeya ",33.457198,-8.908673,10.72451902,64,14,"> 10 competitors",9457.214758,51.63444553,226.8614344,9656.787400605,9935.283280535
"146",146,33.357929,-8.9383421,"Mbeya","Mbeya Rural","Mbalizi",33.356571,-8.936838,0,65,10,"6-10 competitors",223.559763,3.23913634,30.52907962,426.2267247,459.99494066
"147",147,33.356476,-8.9365187,"Mbeya","Mbeya Rural","Mbalizi",33.356571,-8.936838,0,65,10,"6-10 competitors",36.82798797,1.730117313,30.52907962,23.3124183705,55.5716153035
"148",148,33.351467,-8.9362488,"Mbeya","Mbeya Rural","Mbalizi",33.356571,-8.936838,0,65,10,"6-10 competitors",565.0929778,58.48859259,30.52907962,626.39705289,715.4147251
"149",149,33.355839,-8.9380569,"Mbeya","Mbeya Rural","Mbalizi",33.356571,-8.936838,0,65,10,"6-10 competitors",157.0188455,20.67748786,30.52907962,192.9290362,244.13560368
"150",150,32.71236,-8.7967701,"Mbeya","Mbozi","Vwawa",32.942267,-9.107533,74.98584824,62,3,"1-2 competitors",42668.4595,251.1166584,263.8203226,52704.990500247,53219.927481247
"151",151,33.542961,-8.901783,"Mbeya","Mbeya Urban","Mbeya ",33.457198,-8.908673,10.72451902,64,14,"> 10 competitors",9463.498202,37.40278748,226.8614344,9742.039658568,10006.303880448
"152",152,33.543018,-8.9026546,"Mbeya","Mbeya Urban","Mbeya ",33.457198,-8.908673,10.72451902,64,14,"> 10 competitors",9462.466427,14.68952708,226.8614344,9835.9077118725,10077.4586733525
"153",153,33.357273,-8.9383059,"Mbeya","Mbeya Rural","Mbalizi",33.356571,-8.936838,0,65,10,"6-10 competitors",179.7730844,6.836759229,30.52907962,353.715244,391.081082849
"154",154,33.356464,-8.9366608,"Mbeya","Mbeya Rural","Mbalizi",33.356571,-8.936838,0,65,10,"6-10 competitors",22.85993443,9.691979129,30.52907962,9.42242757045,49.64348631945
"155",155,33.356308,-8.9362335,"Mbeya","Mbeya Rural","Mbalizi",33.356571,-8.936838,0,65,10,"6-10 competitors",72.84665311,29.31706373,30.52907962,131.169547962,191.015691312
"156",156,33.543007,-8.9023972,"Mbeya","Mbeya Urban","Mbeya ",33.457198,-8.908673,10.72451902,64,14,"> 10 competitors",9463.308369,22.00991187,226.8614344,9808.295689134,10057.167035404
"157",157,33.542767,-8.9017944,"Mbeya","Mbeya Urban","Mbeya ",33.457198,-8.908673,10.72451902,64,14,"> 10 competitors",9442.12846,16.64718175,226.8614344,9736.9299821985,9980.4385983485
"158",158,32.712391,-8.7970924,"Mbeya","Mbozi","Vwawa",32.942267,-9.107533,74.98584824,62,3,"1-2 competitors",42637.72249,223.4062284,263.8203226,52704.990500247,53192.217051247
"159",159,33.355694,-8.93752,"Mbeya","Mbeya Rural","Mbalizi",33.356571,-8.936838,0,65,10,"6-10 competitors",122.4427357,6.485743824,30.52907962,117.9062333,154.921056744
"160",160,33.351444,-8.9362192,"Mbeya","Mbeya Rural","Mbalizi",33.356571,-8.936838,0,65,10,"6-10 competitors",567.9908432,61.02780523,30.52907962,630.0264025485,721.5832873985
"161",161,32.978123,-8.9153261,"Mbeya","Mbozi","Vwawa",32.942267,-9.107533,32.6908395,66,1,"No competition",21620.87102,23.61542775,263.8203226,26120.083845177,26407.519595527
"162",162,33.002369,-9.0110931,"Mbeya","Mbozi","Vwawa",32.942267,-9.107533,13.27920186,9,34,"> 10 competitors",12547.23979,7.050133779,263.8203226,26805.01972,27075.890176379
"163",163,32.870312,-9.1721764,"Mbeya","Mbozi","Vwawa",32.942267,-9.107533,12.49607632,67,4,"3-5 competitors",10661.61473,45.6751405,263.8203226,11079.40496961,11388.90043271
"164",164,33.352463,-8.9372911,"Mbeya","Mbeya Rural","Mbalizi",33.356571,-8.936838,0,65,10,"6-10 competitors",454.556007,25.69444479,30.52907962,491.2254575835,547.4489819935
"165",165,33.603943,-8.8926907,"Mbeya","Mbeya Rural","Mbalizi",33.356571,-8.936838,31.56967342,68,3,"1-2 competitors",27641.53142,3.734554457,30.52907962,29555.5321891995,29589.7958232765
"166",166,33.637455,-8.8587894,"Mbeya","Mbeya Rural","Mbalizi",33.356571,-8.936838,36.47557293,69,8,"6-10 competitors",32077.37368,24.44653945,30.52907962,35159.503762815,35214.479381885
"167",167,33.637527,-8.8588533,"Mbeya","Mbeya Rural","Mbalizi",33.356571,-8.936838,36.47557293,69,8,"6-10 competitors",32083.09752,15.02251381,30.52907962,35164.5197081655,35210.0713015955
"168",168,33.637581,-8.8592596,"Mbeya","Mbeya Rural","Mbalizi",33.356571,-8.936838,36.47557293,69,8,"6-10 competitors",32076.75244,19.35885995,30.52907962,35235.7811087295,35285.6690482995
"169",169,33.637535,-8.8593159,"Mbeya","Mbeya Rural","Mbalizi",33.356571,-8.936838,36.47557293,69,8,"6-10 competitors",32070.20978,21.93602849,30.52907962,35243.3581818165,35295.8232899265
"170",170,33.637051,-8.8609486,"Mbeya","Mbeya Rural","Mbalizi",33.356571,-8.936838,36.05175859,69,8,"6-10 competitors",31970.9688,20.63759798,30.52907962,35429.799086043,35480.965763643
"171",171,33.605003,-8.8925781,"Mbeya","Mbeya Rural","Mbalizi",33.356571,-8.936838,31.56967342,68,3,"1-2 competitors",27758.48596,94.1270689,30.52907962,29616.5379468675,29741.1940953875
"172",172,33.638378,-8.858552,"Mbeya","Mbeya Rural","Mbalizi",33.356571,-8.936838,36.47557293,69,8,"6-10 competitors",32182.22367,14.60036268,30.52907962,35263.6343608245,35308.7638031245
"173",173,33.637577,-8.8598499,"Mbeya","Mbeya Rural","Mbalizi",33.356571,-8.936838,36.47557293,69,8,"6-10 competitors",32058.90235,3.638257865,30.52907962,35296.911432918,35331.078770403
"174",174,33.64175,-8.8567295,"Mbeya","Mbeya Rural","Mbalizi",33.356571,-8.936838,37.50413033,69,8,"6-10 competitors",32593.87268,46.27379532,30.52907962,35699.424043242,35776.226918182
"175",175,33.605343,-8.8918438,"Mbeya","Mbeya Rural","Mbalizi",33.356571,-8.936838,31.56967342,68,3,"1-2 competitors",27809.73996,106.2284974,30.52907962,29690.6417795445,29827.3993565645
"176",176,33.689548,-8.8164139,"Mbeya","Mbeya Rural","Mbalizi",33.356571,-8.936838,44.59971848,70,1,"No competition",38972.34751,30.07985319,30.52907962,42690.189123609,42750.798056419
"177",177,33.544128,-8.9033585,"Mbeya","Mbeya Urban","Mbeya ",33.457198,-8.908673,10.72451902,64,14,"> 10 competitors",9579.151418,107.6702286,226.8614344,9947.4226889145,10281.9543519145
"178",178,33.543457,-8.9013157,"Mbeya","Mbeya Urban","Mbeya ",33.457198,-8.908673,10.72451902,64,14,"> 10 competitors",9522.158716,105.7419362,226.8614344,9717.2210873625,10049.8244579625
"179",179,33.543476,-8.9013176,"Mbeya","Mbeya Urban","Mbeya ",33.457198,-8.908673,10.72451902,64,14,"> 10 competitors",9524.222841,107.6082399,226.8614344,9718.1020698855,10052.5717441855
"180",180,33.543789,-8.901247,"Mbeya","Mbeya Urban","Mbeya ",33.457198,-8.908673,10.72451902,64,14,"> 10 competitors",9559.1919,113.1377946,226.8614344,9744.205713399,10084.204942399
"181",181,33.543781,-8.9010773,"Mbeya","Mbeya Urban","Mbeya ",33.457198,-8.908673,10.72451902,64,14,"> 10 competitors",9559.948508,95.31337817,226.8614344,9749.167891431,10071.342704001
"182",182,33.543953,-8.9013367,"Mbeya","Mbeya Urban","Mbeya ",33.457198,-8.908673,10.72451902,64,14,"> 10 competitors",9576.316255,128.016781,226.8614344,9758.2944206385,10113.1726360385
"183",183,33.542965,-8.9015732,"Mbeya","Mbeya Urban","Mbeya ",33.457198,-8.908673,10.72451902,64,14,"> 10 competitors",9465.836055,44.8531235,226.8614344,9723.4195797615,9995.1341376615
"184",184,33.364765,-9.110981,"Mbeya","Mbeya Rural","Mbalizi",33.356571,-8.936838,46.11850335,71,1,"No competition",19281.55375,11.89194242,30.52907962,31789.0065,31831.42752204
"185",185,33.362434,-9.1330481,"Mbeya","Mbeya Rural","Mbalizi",33.356571,-8.936838,49.96072704,72,1,"No competition",21710.73552,2.792418899,30.52907962,36100.68268,36134.004178519
"186",186,33.440876,-8.9426699,"Mbeya","Mbeya Rural","Mbalizi",33.356571,-8.936838,11.26742256,73,2,"1-2 competitors",9293.944846,157.6666348,30.52907962,12385.677631107,12573.873345527
"187",187,33.283585,-9.0961103,"Mbeya","Mbeya Rural","Mbalizi",33.356571,-8.936838,42.87083323,74,2,"1-2 competitors",19357.58705,6.911904918,30.52907962,30658.973931207,30696.414915745
"188",188,33.289444,-9.0959129,"Mbeya","Mbeya Rural","Mbalizi",33.356571,-8.936838,42.87083323,74,2,"1-2 competitors",19079.38198,78.7795887,30.52907962,30023.099358726,30132.408027046
"189",189,33.231789,-9.1037712,"Mbeya","Mbeya Rural","Mbalizi",33.356571,-8.936838,51.10441836,75,1,"No competition",23002.68798,4.106511226,30.52907962,38432.5146924375,38467.1502832835
"190",190,33.249599,-9.1096125,"Mbeya","Mbeya Rural","Mbalizi",33.356571,-8.936838,47.86596025,76,1,"No competition",22438.71375,12.14765756,30.52907962,35957.57663541,36000.25337259
"191",191,33.440853,-8.942729,"Mbeya","Mbeya Rural","Mbalizi",33.356571,-8.936838,11.26742256,73,2,"1-2 competitors",9291.876807,163.5080066,30.52907962,12389.7010517955,12583.7381380155
"192",192,33.427113,-8.9571085,"Mbeya","Mbeya Rural","Mbalizi",33.356571,-8.936838,21.06565465,7,2,"1-2 competitors",8075.237957,1210.504825,30.52907962,14336.1781690455,15577.2120736655
"193",193,33.348721,-9.2018528,"Mbeya","Mbeya Rural","Mbalizi",33.356571,-8.936838,64.71798761,77,1,"No competition",29323.83495,2.609187092,30.52907962,46064.51214,46097.650406712
"194",194,33.24015,-9.2622147,"Mbeya","Mbeya Rural","Mbalizi",33.356571,-8.936838,88.11260029,78,3,"1-2 competitors",38195.20642,8.858991779,30.52907962,64016.67146,64056.059531399
"195",195,33.2402,-9.262063,"Mbeya","Mbeya Rural","Mbalizi",33.356571,-8.936838,88.11260029,78,3,"1-2 competitors",38177.55708,21.83229482,30.52907962,64004.5446,64056.90597444
"196",196,33.239586,-9.2624884,"Mbeya","Mbeya Rural","Mbalizi",33.356571,-8.936838,88.11260029,78,3,"1-2 competitors",38244.53116,22.42676391,30.52907962,64079.46303,64132.41887353
"197",197,33.153999,-9.2674284,"Mbeya","Mbeya Rural","Mbalizi",33.356571,-8.936838,99.76537336,79,2,"1-2 competitors",42811.12798,4.237980855,30.52907962,75275.098384731,75309.865445206
"198",198,33.15416,-9.2676191,"Mbeya","Mbeya Rural","Mbalizi",33.356571,-8.936838,99.76537336,79,2,"1-2 competitors",42819.94135,0.669241016,30.52907962,75234.7142304795,75265.9125511155
"199",199,33.543114,-8.9029846,"Mbeya","Mbeya Urban","Mbeya ",33.457198,-8.908673,10.72451902,64,14,"> 10 competitors",9470.500111,13.80236172,226.8614344,9873.9584980845,10114.6222942045
"200",200,33.503548,-8.9104891,"Mbeya","Mbeya Urban","Mbeya ",33.457198,-8.908673,5.21939227,80,6,"3-5 competitors",5101.766786,16.7439508,226.8614344,5332.09940967,5575.70479487
"201",201,33.481415,-8.8293457,"Mbeya","Mbeya Rural","Mbalizi",33.356571,-8.936838,25.09233531,81,1,"No competition",18163.39414,12.01806868,30.52907962,25740.431139456,25782.978287756
"202",202,33.46154,-8.8335133,"Mbeya","Mbeya Rural","Mbalizi",33.356571,-8.936838,23.75125942,82,5,"3-5 competitors",16244.99169,37.28212143,30.52907962,23347.3504296,23415.16163065
"203",203,33.461903,-8.8334208,"Mbeya","Mbeya Rural","Mbalizi",33.356571,-8.936838,23.75125942,82,5,"3-5 competitors",16280.58033,42.52347241,30.52907962,23302.296088365,23375.348640395
"204",204,33.45705,-8.8341084,"Mbeya","Mbeya Rural","Mbalizi",33.356571,-8.936838,23.75125942,82,5,"3-5 competitors",15850.53091,16.60814668,30.52907962,23836.509908583,23883.647134883
"205",205,33.461601,-8.8337803,"Mbeya","Mbeya Rural","Mbalizi",33.356571,-8.936838,23.75125942,82,5,"3-5 competitors",16229.00418,7.20027114,30.52907962,23340.534781893,23378.264132653
"206",206,33.462055,-8.8335371,"Mbeya","Mbeya Urban","Mbeya ",33.457198,-8.908673,12.07149986,82,5,"3-5 competitors",8327.237948,27.41268883,226.8614344,12746.20965423,13000.48377746
"207",207,33.416225,-8.8373604,"Mbeya","Mbeya Rural","Mbalizi",33.356571,-8.936838,33.57077496,83,1,"No competition",12810.28014,4.918750792,30.52907962,29735.5685486325,29771.0163790445
"208",208,33.503544,-8.9108458,"Mbeya","Mbeya Urban","Mbeya ",33.457198,-8.908673,5.21939227,80,6,"3-5 competitors",5103.030361,55.45155637,226.8614344,5338.850937345,5621.163928115
"209",209,33.503616,-8.9105768,"Mbeya","Mbeya Urban","Mbeya ",33.457198,-8.908673,5.21939227,80,6,"3-5 competitors",5109.629899,24.85797773,226.8614344,5339.4708756405,5591.1902877705
"210",210,33.503529,-8.910491,"Mbeya","Mbeya Urban","Mbeya ",33.457198,-8.908673,5.21939227,80,6,"3-5 competitors",5099.686958,17.35276203,226.8614344,5330.0889795,5574.30317593
"211",211,33.5037,-8.9104528,"Mbeya","Mbeya Urban","Mbeya ",33.457198,-8.908673,5.21939227,80,6,"3-5 competitors",5118.31588,10.20563018,226.8614344,5347.0454996985,5584.1125642785
"212",212,33.475273,-8.9130335,"Mbeya","Mbeya Urban","Mbeya ",33.457198,-8.908673,2.043206426,84,1,"No competition",2045.637335,19.50303087,226.8614344,2039.2758354375,2285.6403007075
"213",213,33.462864,-8.910573,"Mbeya","Mbeya Urban","Mbeya ",33.457198,-8.908673,1.012005201,85,19,"> 10 competitors",657.6530485,73.08661767,226.8614344,655.07740887,955.02546094
"214",214,33.466805,-8.9112749,"Mbeya","Mbeya Urban","Mbeya ",33.457198,-8.908673,1.012005201,85,19,"> 10 competitors",1095.112658,20.68013801,226.8614344,1087.4235338745,1334.9651062845
"215",215,33.466141,-8.9112988,"Mbeya","Mbeya Urban","Mbeya ",33.457198,-8.908673,1.012005201,85,19,"> 10 competitors",1025.574229,4.738708852,226.8614344,1016.62978653,1248.229929782
"216",216,33.463898,-8.9110069,"Mbeya","Mbeya Urban","Mbeya ",33.457198,-8.908673,1.012005201,85,19,"> 10 competitors",780.8030069,25.82760024,226.8614344,770.3758017585,1023.0648363985
"217",217,33.460766,-8.9110985,"Mbeya","Mbeya Urban","Mbeya ",33.457198,-8.908673,1.012005201,85,19,"> 10 competitors",475.3561355,11.13520873,226.8614344,425.079076725,663.075719855
"218",218,33.45945,-8.9108896,"Mbeya","Mbeya Urban","Mbeya ",33.457198,-8.908673,1.012005201,85,19,"> 10 competitors",348.4981936,20.54387899,226.8614344,277.8328778925,525.2381912825
"219",219,33.507053,-8.9106808,"Mbeya","Mbeya Urban","Mbeya ",33.457198,-8.908673,6.236494365,80,6,"3-5 competitors",5487.802418,8.088964413,226.8614344,5716.2012218475,5951.1516206605
"220",220,33.460297,-8.9116898,"Mbeya","Mbeya Urban","Mbeya ",33.457198,-8.908673,1.012005201,85,19,"> 10 competitors",476.9735602,57.24193888,226.8614344,377.2002258165,661.3035990965
"221",221,33.459736,-8.9114332,"Mbeya","Mbeya Urban","Mbeya ",33.457198,-8.908673,1.012005201,85,19,"> 10 competitors",413.662289,36.04302049,226.8614344,315.7523070945,578.6567619845
"222",222,33.460407,-8.9116192,"Mbeya","Mbeya Urban","Mbeya ",33.457198,-8.908673,1.012005201,85,19,"> 10 competitors",480.3620436,48.82262628,226.8614344,388.8242080065,664.5082686865
"223",223,33.464466,-8.9116983,"Mbeya","Mbeya Urban","Mbeya ",33.457198,-8.908673,1.012005201,85,19,"> 10 competitors",866.5744471,51.48700511,226.8614344,832.0289936385,1110.3774331485
"224",224,33.46484,-8.9117966,"Mbeya","Mbeya Urban","Mbeya ",33.457198,-8.908673,1.012005201,85,19,"> 10 competitors",908.7354718,47.715,226.8614344,983.8340599545,1258.4104943545
"225",225,33.462181,-8.9115238,"Mbeya","Mbeya Urban","Mbeya ",33.457198,-8.908673,1.012005201,85,19,"> 10 competitors",632.2809934,32.72308459,226.8614344,581.4158485665,841.0003675565
"226",226,33.461357,-8.9115639,"Mbeya","Mbeya Urban","Mbeya ",33.457198,-8.908673,1.012005201,85,19,"> 10 competitors",558.0960232,38.01594942,226.8614344,491.619639933,756.497023753
"227",227,33.460293,-8.9116392,"Mbeya","Mbeya Urban","Mbeya ",33.457198,-8.908673,1.012005201,85,19,"> 10 competitors",472.7587138,51.63517619,226.8614344,376.434904254,654.931514844
"228",228,33.463608,-8.9110041,"Mbeya","Mbeya Urban","Mbeya ",33.457198,-8.908673,1.012005201,85,19,"> 10 competitors",750.6684102,26.48457759,226.8614344,738.484434801,991.830446791
"229",229,33.464962,-8.9117098,"Mbeya","Mbeya Urban","Mbeya ",33.457198,-8.908673,1.012005201,85,19,"> 10 competitors",917.6030795,34.26617543,226.8614344,974.2570207305,1235.3846305605
"230",230,33.468159,-8.9120188,"Mbeya","Mbeya Urban","Mbeya ",33.457198,-8.908673,2.043206426,85,19,"> 10 competitors",1261.060548,30.06629512,226.8614344,1249.7625418365,1506.6902713565
"231",231,33.468193,-8.9120979,"Mbeya","Mbeya Urban","Mbeya ",33.457198,-8.908673,2.043206426,85,19,"> 10 competitors",1267.223308,37.93882798,226.8614344,1255.1570848065,1519.9573471865
"232",232,33.488026,-8.9135923,"Mbeya","Mbeya Urban","Mbeya ",33.457198,-8.908673,4.750602699,86,1,"No competition",3433.983346,13.93305736,226.8614344,3521.9113128675,3762.7058046275
"233",233,33.560638,-8.9254093,"Mbeya","Mbeya Urban","Mbeya ",33.457198,-8.908673,13.8937124,87,1,"No competition",11526.23708,124.6837387,226.8614344,12132.0652047465,12483.6103778465
"234",234,33.559116,-8.894063,"Mbeya","Mbeya Urban","Mbeya ",33.457198,-8.908673,13.23975779,88,1,"No competition",11325.58093,35.27507811,226.8614344,11602.3734052575,11864.5099177675
"235",235,33.467628,-8.9114513,"Mbeya","Mbeya Urban","Mbeya ",33.457198,-8.908673,2.043206426,85,19,"> 10 competitors",1187.586101,20.02776107,226.8614344,1180.051487949,1426.940683419
"236",236,33.441479,-8.8959475,"Mbeya","Mbeya Urban","Mbeya ",33.457198,-8.908673,1.447078746,89,1,"No competition",2229.345624,3.571163938,226.8614344,2882.212358964,3112.644957302
"237",237,32.998676,-9.0202808,"Mbeya","Mbozi","Vwawa",32.942267,-9.107533,12.28090958,90,1,"No competition",11471.10811,32.33226493,263.8203226,28130.18262,28426.33520753
"238",238,33.003632,-9.0159836,"Mbeya","Mbozi","Vwawa",32.942267,-9.107533,13.27920186,9,34,"> 10 competitors",12167.19271,1.515349239,263.8203226,27366.38995,27631.725621839
"239",239,33.003223,-9.0140247,"Mbeya","Mbozi","Vwawa",32.942267,-9.107533,13.27920186,9,34,"> 10 competitors",12323.57973,9.411388585,263.8203226,27143.89372,27417.125431185
"240",240,33.002663,-9.0141401,"Mbeya","Mbozi","Vwawa",32.942267,-9.107533,13.27920186,9,34,"> 10 competitors",12279.47007,53.41628572,263.8203226,27140.60272,27457.83932832
"241",241,33.003067,-9.0140591,"Mbeya","Mbozi","Vwawa",32.942267,-9.107533,13.27920186,9,34,"> 10 competitors",12311.06639,8.1531239,263.8203226,27143.21962,27415.1930665
"242",242,33.003162,-9.0137424,"Mbeya","Mbozi","Vwawa",32.942267,-9.107533,13.27920186,9,34,"> 10 competitors",12346.15779,10.75034196,263.8203226,27111.77149,27386.34215456
"243",243,33.003284,-9.0135727,"Mbeya","Mbozi","Vwawa",32.942267,-9.107533,13.27920186,9,34,"> 10 competitors",12369.2018,28.44935624,263.8203226,27096.91638,27389.18605884
"244",244,33.002823,-9.0137253,"Mbeya","Mbozi","Vwawa",32.942267,-9.107533,13.27920186,9,34,"> 10 competitors",12327.57978,24.86977996,263.8203226,27100.41203,27389.10213256
"245",245,33.002892,-9.0140753,"Mbeya","Mbozi","Vwawa",32.942267,-9.107533,13.27920186,9,34,"> 10 competitors",12299.12495,27.23556699,263.8203226,27140.05158,27431.10746959
"246",246,33.002625,-9.0136604,"Mbeya","Mbozi","Vwawa",32.942267,-9.107533,13.27920186,9,34,"> 10 competitors",12321.88555,44.15064808,263.8203226,27087.86209,27395.83306068
"247",247,33.002811,-9.0135269,"Mbeya","Mbozi","Vwawa",32.942267,-9.107533,13.27920186,9,34,"> 10 competitors",12345.34334,20.64187284,263.8203226,27078.70328,27363.16547544
"248",248,33.002464,-9.0120049,"Mbeya","Mbozi","Vwawa",32.942267,-9.107533,13.27920186,9,34,"> 10 competitors",12467.15989,15.3530059,263.8203226,26905.00981,27184.1831385
"249",249,33.002464,-9.011796,"Mbeya","Mbozi","Vwawa",32.942267,-9.107533,13.27920186,9,34,"> 10 competitors",12486.7475,9.556052457,263.8203226,26882.50688,27155.883255057
"250",250,33.002407,-9.0116892,"Mbeya","Mbozi","Vwawa",32.942267,-9.107533,13.27920186,9,34,"> 10 competitors",12493.44877,12.66141337,263.8203226,26869.40199,27145.88372597
"251",251,33.002457,-9.0115347,"Mbeya","Mbozi","Vwawa",32.942267,-9.107533,13.27920186,9,34,"> 10 competitors",12510.85825,3.050327003,263.8203226,26854.16284,27121.033489603
"252",252,33.002262,-9.0115871,"Mbeya","Mbozi","Vwawa",32.942267,-9.107533,13.27920186,9,34,"> 10 competitors",12494.60947,25.26696524,263.8203226,26854.3328,27143.42008784
"253",253,35.167019,-4.3987508,"Manyara","Hanang","Katesh",35.389519,-4.516734,54.18974335,91,1,"No competition",27928.79551,100.4870473,477.8188347,31745.14102,32323.446902
"254",254,33.002308,-9.0109491,"Mbeya","Mbozi","Vwawa",32.942267,-9.107533,13.27920186,9,34,"> 10 competitors",12557.25594,9.981949035,263.8203226,26790.31624,27064.118511635
"255",255,33.00219,-9.0109606,"Mbeya","Mbozi","Vwawa",32.942267,-9.107533,13.27920186,9,34,"> 10 competitors",12549.35875,0.174237447,263.8203226,26781.96516,27045.959720047
"256",256,33.000648,-9.010211,"Mbeya","Mbozi","Vwawa",32.942267,-9.107533,13.27920186,9,34,"> 10 competitors",12532.33824,22.38666192,263.8203226,26590.75393,26876.96091452
"257",257,32.999687,-9.0106592,"Mbeya","Mbozi","Vwawa",32.942267,-9.107533,13.27920186,9,34,"> 10 competitors",12435.82139,7.274783798,263.8203226,26477.95214,26749.047246398
"258",258,32.999397,-9.0104733,"Mbeya","Mbozi","Vwawa",32.942267,-9.107533,13.27920186,9,34,"> 10 competitors",12437.41022,19.09137539,263.8203226,26450.11989,26733.03158799
"259",259,32.999344,-9.0104513,"Mbeya","Mbozi","Vwawa",32.942267,-9.107533,13.27920186,9,34,"> 10 competitors",12436.56953,22.60118447,263.8203226,26444.78348,26731.20498707
"260",260,32.998528,-9.0107622,"Mbeya","Mbozi","Vwawa",32.942267,-9.107533,13.27920186,9,34,"> 10 competitors",12361.7613,5.825568104,263.8203226,26349.08716,26618.733050704
"261",261,32.998184,-9.0112,"Mbeya","Mbozi","Vwawa",32.942267,-9.107533,13.27920186,9,34,"> 10 competitors",12300.91504,34.71151184,263.8203226,26302.21683,26600.74866444
"262",262,32.999943,-9.0107641,"Mbeya","Mbozi","Vwawa",32.942267,-9.107533,13.27920186,9,34,"> 10 competitors",12440.14831,24.07874696,263.8203226,26503.75647,26791.65553956
"263",263,33.002773,-9.0139046,"Mbeya","Mbozi","Vwawa",32.942267,-9.107533,13.27920186,9,34,"> 10 competitors",12307.92144,35.169051,263.8203226,27118.32267,27417.3120436
"264",264,33.001354,-9.0106888,"Mbeya","Mbozi","Vwawa",32.942267,-9.107533,13.27920186,9,34,"> 10 competitors",12527.0497,32.13230486,263.8203226,26682.33731,26978.28993746
"265",265,33.00317,-9.0145712,"Mbeya","Mbozi","Vwawa",32.942267,-9.107533,13.27920186,9,34,"> 10 competitors",12269.71474,11.39715919,263.8203226,27201.2753,27476.49278179
"266",266,33.003254,-9.0148401,"Mbeya","Mbozi","Vwawa",32.942267,-9.107533,13.27920186,9,34,"> 10 competitors",12249.85428,9.743463152,263.8203226,27232.80639,27506.370175752
"267",267,33.00346,-9.0149994,"Mbeya","Mbozi","Vwawa",32.942267,-9.107533,13.27920186,9,34,"> 10 competitors",12247.53748,8.234689354,263.8203226,27255.37681,27527.431821954
"268",268,33.003544,-9.0148249,"Mbeya","Mbozi","Vwawa",32.942267,-9.107533,13.27920186,9,34,"> 10 competitors",12268.739,21.67871449,263.8203226,27238.65162,27524.15065709
"269",269,33.004089,-9.0166941,"Mbeya","Mbozi","Vwawa",32.942267,-9.107533,13.27920186,9,34,"> 10 competitors",12129.95139,33.0560212,263.8203226,12489.113929395,12785.990273195
"270",270,32.935844,-9.1095161,"Mbeya","Mbozi","Vwawa",32.942267,-9.107533,1.031995595,92,12,"> 10 competitors",739.3321647,152.276657,263.8203226,736.1705135,1152.2674931
"271",271,32.935379,-9.1109533,"Mbeya","Mbozi","Vwawa",32.942267,-9.107533,1.031995595,92,12,"> 10 competitors",846.4037409,0.032588763,263.8203226,1563.914742438,1827.767653801
"272",272,32.934631,-9.1113749,"Mbeya","Mbozi","Vwawa",32.942267,-9.107533,1.473169495,92,12,"> 10 competitors",940.8115416,38.5634618,263.8203226,1477.531478355,1779.915262755
"273",273,32.935318,-9.1111202,"Mbeya","Mbozi","Vwawa",32.942267,-9.107533,1.031995595,92,12,"> 10 competitors",860.75843,17.85366395,263.8203226,1555.439988903,1837.113975453
"274",274,32.93541,-9.1109238,"Mbeya","Mbozi","Vwawa",32.942267,-9.107533,1.031995595,92,12,"> 10 competitors",841.8982879,2.887238565,263.8203226,1567.5616805775,1834.2692417425
"275",275,32.936531,-9.1109829,"Mbeya","Mbozi","Vwawa",32.942267,-9.107533,1.031995595,92,12,"> 10 competitors",736.9932229,13.39300591,263.8203226,1689.909714762,1967.123043272
"276",276,32.933804,-9.1110964,"Mbeya","Mbozi","Vwawa",32.942267,-9.107533,1.473169495,92,12,"> 10 competitors",1010.334484,0.318387094,263.8203226,1390.047041778,1654.185751472
"277",277,32.939156,-9.1106215,"Mbeya","Mbozi","Vwawa",32.942267,-9.107533,1.031995595,92,12,"> 10 competitors",483.3576067,74.28966493,263.8203226,1906.461319224,2244.571306754
"278",278,32.936661,-9.1109915,"Mbeya","Mbozi","Vwawa",32.942267,-9.107533,1.031995595,92,12,"> 10 competitors",725.3062852,15.50469765,263.8203226,1703.9968635285,1983.3218837785
"279",279,32.93919,-9.1105785,"Mbeya","Mbozi","Vwawa",32.942267,-9.107533,1.031995595,92,12,"> 10 competitors",477.352877,78.6687046,263.8203226,1906.461319224,2248.950346424
"280",280,32.936707,-9.1115828,"Mbeya","Mbozi","Vwawa",32.942267,-9.107533,1.031995595,92,12,"> 10 competitors",757.7411614,81.13342225,263.8203226,1703.6179319505,2048.5716768005
"281",281,32.932865,-9.0984755,"Mbeya","Mbozi","Vwawa",32.942267,-9.107533,1.814075298,93,1,"No competition",1439.355932,14.72368727,263.8203226,2731.912022,3010.45603187
"282",282,32.869827,-9.172287,"Mbeya","Mbozi","Vwawa",32.942267,-9.107533,12.49607632,67,4,"3-5 competitors",10709.39576,20.73471008,263.8203226,11128.278905529,11412.833938209
"283",283,32.869728,-9.1719618,"Mbeya","Mbozi","Vwawa",32.942267,-9.107533,12.49607632,67,4,"3-5 competitors",10693.48922,13.9559686,263.8203226,11113.7838821145,11391.5601733145
"284",284,32.869694,-9.1719465,"Mbeya","Mbozi","Vwawa",32.942267,-9.107533,12.49607632,67,4,"3-5 competitors",10695.14877,17.66645625,263.8203226,11115.535717086,11397.022495936
"285",285,32.935383,-9.1079283,"Mbeya","Mbozi","Vwawa",32.942267,-9.107533,0,92,12,"> 10 competitors",757.9873612,27.23793212,263.8203226,697.8988201,988.95707482
"286",286,32.930077,-9.0314884,"Mbeya","Mbozi","Vwawa",32.942267,-9.107533,13.9735571,94,1,"No competition",8516.772012,10.408153,263.8203226,12021.3285736485,12295.5570492485
"287",287,32.932133,-8.9845581,"Mbeya","Mbozi","Vwawa",32.942267,-9.107533,21.67336656,95,1,"No competition",13646.79526,37.40960475,263.8203226,17603.06513,17904.29505735
"288",288,32.94804,-8.9595842,"Mbeya","Mbozi","Vwawa",32.942267,-9.107533,26.29919326,96,1,"No competition",16375.68798,372.1650736,263.8203226,21694.496527359,22330.481923559
"289",289,32.913761,-8.9879599,"Mbeya","Mbozi","Vwawa",32.942267,-9.107533,23.02067713,97,3,"1-2 competitors",13591.27307,10.7765355,263.8203226,17223.9838876065,17498.5807457065
"290",290,32.913162,-8.9877977,"Mbeya","Mbozi","Vwawa",32.942267,-9.107533,23.02067713,97,3,"1-2 competitors",13624.04714,10.5400055,263.8203226,17293.0558562445,17567.4161843445
"291",291,32.918659,-8.9879951,"Mbeya","Mbozi","Vwawa",32.942267,-9.107533,22.31840015,97,3,"1-2 competitors",13473.46794,8.771615337,263.8203226,17519.588701035,17792.180638972
"292",292,32.847786,-9.012413,"Mbeya","Mbozi","Vwawa",32.942267,-9.107533,23.49196023,98,1,"No competition",14784.25218,9.42284754,263.8203226,18604.8325990995,18878.0757692395
"293",293,32.822811,-9.0139351,"Mbeya","Mbozi","Vwawa",32.942267,-9.107533,27.22516032,99,1,"No competition",16722.44098,17.24760366,263.8203226,20543.185285281,20824.253211541
"294",294,32.804493,-8.9615965,"Mbeya","Mbozi","Vwawa",32.942267,-9.107533,37.02790375,100,1,"No competition",22135.60592,47.71809698,263.8203226,27916.052323008,28227.590742588
"295",295,32.822922,-8.9159098,"Mbeya","Mbozi","Vwawa",32.942267,-9.107533,45.39151132,101,2,"1-2 competitors",24927.45581,47.9874478,263.8203226,32753.7131490465,33065.5209194465
"296",296,32.823963,-8.9140558,"Mbeya","Mbozi","Vwawa",32.942267,-9.107533,45.39151132,101,2,"1-2 competitors",25042.3991,5.587543551,263.8203226,32525.2272036285,32794.6350697795
"297",297,32.777145,-8.8701954,"Mbeya","Mbozi","Vwawa",32.942267,-9.107533,55.18579477,102,2,"1-2 competitors",31917.59668,86.10189057,263.8203226,40225.4145369315,40575.3367501015
"298",298,32.776672,-8.8700895,"Mbeya","Mbozi","Vwawa",32.942267,-9.107533,55.18579477,102,2,"1-2 competitors",31956.83932,137.528796,263.8203226,40206.1809763605,40607.5300949605
"299",299,35.295345,-8.300416,"Iringa","Mufindi","Mafinga",35.294015,-8.299623,0,51,5,"3-5 competitors",170.7583405,44.05806471,189.9276529,2515.824223,2749.80994061
